<?xml version="1.0" encoding="UTF-8"?>
<fmiModelDescription
  xmlns:xsi="http://www.w3.org/2001/XMLSchema-instance"
  fmiVersion="2.0"
  modelName="symetry1"
  guid="{265c5018-e9e3-4606-8e17-a8887fc196ef}"
  generationTool="Dymola Version 2021x (64-bit), 2020-10-09"
  generationDateAndTime="2022-03-15T18:12:32Z"
  variableNamingConvention="structured"
  numberOfEventIndicators="8">
  <ModelExchange
    modelIdentifier="symetry1"
    canGetAndSetFMUstate="true"
    canSerializeFMUstate="true"
    providesDirectionalDerivative="true">
    <SourceFiles>
      <File
        name="all.c"/>
    </SourceFiles>
  </ModelExchange>
  <CoSimulation
    modelIdentifier="symetry1"
    canHandleVariableCommunicationStepSize="true"
    canInterpolateInputs="true"
    maxOutputDerivativeOrder="1"
    canGetAndSetFMUstate="true"
    canSerializeFMUstate="true"
    providesDirectionalDerivative="true">
    <SourceFiles>
      <File
        name="all.c"/>
    </SourceFiles>
  </CoSimulation>
  <UnitDefinitions>
    <Unit
      name="1"/>
    <Unit
      name="s">
      <BaseUnit s="1"/>
    </Unit>
  </UnitDefinitions>
  <TypeDefinitions>
    <SimpleType
      name="Modelica.Blocks.Interfaces.RealInput">
      <Real/>
    </SimpleType>
    <SimpleType
      name="Modelica.Blocks.Interfaces.RealOutput">
      <Real/>
    </SimpleType>
    <SimpleType
      name="Modelica.Units.SI.Time">
      <Real
        quantity="Time"
        unit="s"/>
    </SimpleType>
    <SimpleType
      name="Modelica.Blocks.Types.Init">
      <Enumeration>
        <Item name="NoInit"
          value="1"
          description="No initialization (start values are used as guess values with fixed=false)"/>
        <Item name="SteadyState"
          value="2"
          description="Steady state initialization (derivatives of states are zero)"/>
        <Item name="InitialState"
          value="3"
          description="Initialization with initial states"/>
        <Item name="InitialOutput"
          value="4"
          description="Initialization with initial outputs (and steady state of the states if possible)"/>
      </Enumeration>
    </SimpleType>
    <SimpleType
      name="Modelica.Blocks.Types.LimiterHomotopy">
      <Enumeration>
        <Item name="NoHomotopy"
          value="1"
          description="Homotopy is not used"/>
        <Item name="Linear"
          value="2"
          description="Simplified model without limits"/>
        <Item name="UpperLimit"
          value="3"
          description="Simplified model fixed at upper limit"/>
        <Item name="LowerLimit"
          value="4"
          description="Simplified model fixed at lower limit"/>
      </Enumeration>
    </SimpleType>
  </TypeDefinitions>
  <DefaultExperiment startTime="0.0"
    stopTime="10.0"
    tolerance="0.0001"/>
  <ModelVariables>
    <!-- Index for next variable = 1 -->
    <ScalarVariable
      name="step.height"
      valueReference="16777216"
      description="Height of step"
      causality="parameter"
      variability="tunable">
      <Real start="1"/>
    </ScalarVariable>
    <!-- Index for next variable = 2 -->
    <ScalarVariable
      name="step.y"
      valueReference="637534208"
      description="Connector of Real output signal"
      variability="discrete">
      <Real
        declaredType="Modelica.Blocks.Interfaces.RealOutput"/>
    </ScalarVariable>
    <!-- Index for next variable = 3 -->
    <ScalarVariable
      name="step.offset"
      valueReference="16777217"
      description="Offset of output signal y"
      causality="parameter"
      variability="tunable">
      <Real start="0"/>
    </ScalarVariable>
    <!-- Index for next variable = 4 -->
    <ScalarVariable
      name="step.startTime"
      valueReference="16777218"
      description="Output y = offset for time &lt; startTime"
      causality="parameter"
      variability="tunable">
      <Real
        declaredType="Modelica.Units.SI.Time"
        start="1"/>
    </ScalarVariable>
    <!-- Index for next variable = 5 -->
    <ScalarVariable
      name="add.u1"
      valueReference="637534208"
      description="Connector of Real input signal 1"
      variability="discrete">
      <Real
        declaredType="Modelica.Blocks.Interfaces.RealInput"/>
    </ScalarVariable>
    <!-- Index for next variable = 6 -->
    <ScalarVariable
      name="add.u2"
      valueReference="637534209"
      description="Connector of Real input signal 2">
      <Real
        declaredType="Modelica.Blocks.Interfaces.RealInput"/>
    </ScalarVariable>
    <!-- Index for next variable = 7 -->
    <ScalarVariable
      name="add.y"
      valueReference="637534210"
      description="Connector of Real output signal">
      <Real
        declaredType="Modelica.Blocks.Interfaces.RealOutput"/>
    </ScalarVariable>
    <!-- Index for next variable = 8 -->
    <ScalarVariable
      name="add.k1"
      valueReference="16777219"
      description="Gain of input signal 1"
      causality="parameter"
      variability="tunable">
      <Real start="1"/>
    </ScalarVariable>
    <!-- Index for next variable = 9 -->
    <ScalarVariable
      name="add.k2"
      valueReference="16777220"
      description="Gain of input signal 2"
      causality="parameter"
      variability="tunable">
      <Real start="-1"/>
    </ScalarVariable>
    <!-- Index for next variable = 10 -->
    <ScalarVariable
      name="gain.k"
      valueReference="16777221"
      description="Gain value multiplied with input signal"
      causality="parameter"
      variability="tunable">
      <Real
        unit="1"
        start="2"/>
    </ScalarVariable>
    <!-- Index for next variable = 11 -->
    <ScalarVariable
      name="gain.u"
      valueReference="637534210"
      description="Input signal connector">
      <Real
        declaredType="Modelica.Blocks.Interfaces.RealInput"/>
    </ScalarVariable>
    <!-- Index for next variable = 12 -->
    <ScalarVariable
      name="gain.y"
      valueReference="637534211"
      description="Output signal connector">
      <Real
        declaredType="Modelica.Blocks.Interfaces.RealOutput"/>
    </ScalarVariable>
    <!-- Index for next variable = 13 -->
    <ScalarVariable
      name="gain1.k"
      valueReference="16777222"
      description="Gain value multiplied with input signal"
      causality="parameter"
      variability="tunable">
      <Real
        unit="1"
        start="0"/>
    </ScalarVariable>
    <!-- Index for next variable = 14 -->
    <ScalarVariable
      name="gain1.u"
      valueReference="637534208"
      description="Input signal connector"
      variability="discrete">
      <Real
        declaredType="Modelica.Blocks.Interfaces.RealInput"/>
    </ScalarVariable>
    <!-- Index for next variable = 15 -->
    <ScalarVariable
      name="gain1.y"
      valueReference="637534212"
      description="Output signal connector"
      variability="discrete">
      <Real
        declaredType="Modelica.Blocks.Interfaces.RealOutput"/>
    </ScalarVariable>
    <!-- Index for next variable = 16 -->
    <ScalarVariable
      name="add1.u1"
      valueReference="637534212"
      description="Connector of Real input signal 1"
      variability="discrete">
      <Real
        declaredType="Modelica.Blocks.Interfaces.RealInput"/>
    </ScalarVariable>
    <!-- Index for next variable = 17 -->
    <ScalarVariable
      name="add1.u2"
      valueReference="637534211"
      description="Connector of Real input signal 2">
      <Real
        declaredType="Modelica.Blocks.Interfaces.RealInput"/>
    </ScalarVariable>
    <!-- Index for next variable = 18 -->
    <ScalarVariable
      name="add1.y"
      valueReference="637534213"
      description="Connector of Real output signal">
      <Real
        declaredType="Modelica.Blocks.Interfaces.RealOutput"/>
    </ScalarVariable>
    <!-- Index for next variable = 19 -->
    <ScalarVariable
      name="add1.k1"
      valueReference="16777223"
      description="Gain of input signal 1"
      causality="parameter"
      variability="tunable">
      <Real start="1"/>
    </ScalarVariable>
    <!-- Index for next variable = 20 -->
    <ScalarVariable
      name="add1.k2"
      valueReference="16777224"
      description="Gain of input signal 2"
      causality="parameter"
      variability="tunable">
      <Real start="1"/>
    </ScalarVariable>
    <!-- Index for next variable = 21 -->
    <ScalarVariable
      name="limiter.uMax"
      valueReference="16777225"
      description="Upper limits of input signals"
      causality="parameter"
      variability="tunable">
      <Real start="0.2"/>
    </ScalarVariable>
    <!-- Index for next variable = 22 -->
    <ScalarVariable
      name="limiter.uMin"
      valueReference="16777226"
      description="Lower limits of input signals"
      causality="parameter"
      variability="tunable">
      <Real start="0"/>
    </ScalarVariable>
    <!-- Index for next variable = 23 -->
    <ScalarVariable
      name="limiter.strict"
      valueReference="100663302"
      description="= true, if strict limits with noEvent(..)"
      variability="constant">
      <Boolean start="false"/>
    </ScalarVariable>
    <!-- Index for next variable = 24 -->
    <ScalarVariable
      name="limiter.homotopyType"
      valueReference="100663303"
      description="Simplified model for homotopy-based initialization"
      variability="constant">
      <Enumeration
        declaredType="Modelica.Blocks.Types.LimiterHomotopy"
        start="2"/>
    </ScalarVariable>
    <!-- Index for next variable = 25 -->
    <ScalarVariable
      name="limiter.u"
      valueReference="637534213"
      description="Connector of Real input signal">
      <Real
        declaredType="Modelica.Blocks.Interfaces.RealInput"/>
    </ScalarVariable>
    <!-- Index for next variable = 26 -->
    <ScalarVariable
      name="limiter.y"
      valueReference="637534216"
      description="Connector of Real output signal">
      <Real
        declaredType="Modelica.Blocks.Interfaces.RealOutput"/>
    </ScalarVariable>
    <!-- Index for next variable = 27 -->
    <ScalarVariable
      name="limiter1.uMax"
      valueReference="16777227"
      description="Upper limits of input signals"
      causality="parameter"
      variability="tunable">
      <Real start="0.2"/>
    </ScalarVariable>
    <!-- Index for next variable = 28 -->
    <ScalarVariable
      name="limiter1.uMin"
      valueReference="16777228"
      description="Lower limits of input signals"
      causality="parameter"
      variability="tunable">
      <Real start="0"/>
    </ScalarVariable>
    <!-- Index for next variable = 29 -->
    <ScalarVariable
      name="limiter1.strict"
      valueReference="100663305"
      description="= true, if strict limits with noEvent(..)"
      variability="constant">
      <Boolean start="false"/>
    </ScalarVariable>
    <!-- Index for next variable = 30 -->
    <ScalarVariable
      name="limiter1.homotopyType"
      valueReference="100663306"
      description="Simplified model for homotopy-based initialization"
      variability="constant">
      <Enumeration
        declaredType="Modelica.Blocks.Types.LimiterHomotopy"
        start="2"/>
    </ScalarVariable>
    <!-- Index for next variable = 31 -->
    <ScalarVariable
      name="limiter1.u"
      valueReference="637534219"
      description="Connector of Real input signal">
      <Real
        declaredType="Modelica.Blocks.Interfaces.RealInput"/>
    </ScalarVariable>
    <!-- Index for next variable = 32 -->
    <ScalarVariable
      name="limiter1.y"
      valueReference="637534220"
      description="Connector of Real output signal">
      <Real
        declaredType="Modelica.Blocks.Interfaces.RealOutput"/>
    </ScalarVariable>
    <!-- Index for next variable = 33 -->
    <ScalarVariable
      name="transferFunction.u"
      valueReference="637534216"
      description="Connector of Real input signal">
      <Real
        declaredType="Modelica.Blocks.Interfaces.RealInput"/>
    </ScalarVariable>
    <!-- Index for next variable = 34 -->
    <ScalarVariable
      name="transferFunction.y"
      valueReference="905969677"
      description="Connector of Real output signal">
      <Real
        declaredType="Modelica.Blocks.Interfaces.RealOutput"/>
    </ScalarVariable>
    <!-- Index for next variable = 35 -->
    <ScalarVariable
      name="transferFunction.b[1]"
      valueReference="16777229"
      description="Numerator coefficients of transfer function (e.g., 2*s+3 is specified as {2,3})"
      causality="parameter"
      variability="tunable">
      <Real start="1"/>
    </ScalarVariable>
    <!-- Index for next variable = 36 -->
    <ScalarVariable
      name="transferFunction.a[1]"
      valueReference="16777230"
      description="Denominator coefficients of transfer function (e.g., 5*s+6 is specified as {5,6})"
      causality="parameter"
      variability="tunable">
      <Real start="1"/>
    </ScalarVariable>
    <!-- Index for next variable = 37 -->
    <ScalarVariable
      name="transferFunction.a[2]"
      valueReference="16777231"
      description="Denominator coefficients of transfer function (e.g., 5*s+6 is specified as {5,6})"
      causality="parameter"
      variability="tunable">
      <Real start="0"/>
    </ScalarVariable>
    <!-- Index for next variable = 38 -->
    <ScalarVariable
      name="transferFunction.initType"
      valueReference="100663310"
      description="Type of initialization (1: no init, 2: steady state, 3: initial state, 4: initial output)"
      variability="constant">
      <Enumeration
        declaredType="Modelica.Blocks.Types.Init"
        start="1"/>
    </ScalarVariable>
    <!-- Index for next variable = 39 -->
    <ScalarVariable
      name="transferFunction.x_start[1]"
      valueReference="16777232"
      description="Initial or guess values of states"
      causality="parameter"
      variability="fixed">
      <Real start="0"/>
    </ScalarVariable>
    <!-- Index for next variable = 40 -->
    <ScalarVariable
      name="transferFunction.y_start"
      valueReference="16777233"
      description="Initial value of output (derivatives of y are zero up to nx-1-th derivative)"
      causality="parameter"
      variability="fixed">
      <Real start="0"/>
    </ScalarVariable>
    <!-- Index for next variable = 41 -->
    <ScalarVariable
      name="transferFunction.x[1]"
      valueReference="905969679"
      description="State of transfer function from controller canonical form">
      <Real/>
    </ScalarVariable>
    <!-- Index for next variable = 42 -->
    <ScalarVariable
      name="transferFunction.x_scaled[1]"
      valueReference="33554432"
      description="Scaled vector x"
      initial="exact">
      <Real start="0.0"/>
    </ScalarVariable>
    <!-- Index for next variable = 43 -->
    <ScalarVariable
      name="der(transferFunction.x_scaled[1])"
      valueReference="587202560"
      description="der(Scaled vector x)">
      <Real derivative="42"/>
    </ScalarVariable>
    <!-- Index for next variable = 44 -->
    <ScalarVariable
      name="transferFunction1.u"
      valueReference="637534216"
      description="Connector of Real input signal">
      <Real
        declaredType="Modelica.Blocks.Interfaces.RealInput"/>
    </ScalarVariable>
    <!-- Index for next variable = 45 -->
    <ScalarVariable
      name="transferFunction1.y"
      valueReference="637534209"
      description="Connector of Real output signal">
      <Real
        declaredType="Modelica.Blocks.Interfaces.RealOutput"/>
    </ScalarVariable>
    <!-- Index for next variable = 46 -->
    <ScalarVariable
      name="transferFunction1.b[1]"
      valueReference="16777234"
      description="Numerator coefficients of transfer function (e.g., 2*s+3 is specified as {2,3})"
      causality="parameter"
      variability="tunable">
      <Real start="1"/>
    </ScalarVariable>
    <!-- Index for next variable = 47 -->
    <ScalarVariable
      name="transferFunction1.a[1]"
      valueReference="16777235"
      description="Denominator coefficients of transfer function (e.g., 5*s+6 is specified as {5,6})"
      causality="parameter"
      variability="tunable">
      <Real start="1"/>
    </ScalarVariable>
    <!-- Index for next variable = 48 -->
    <ScalarVariable
      name="transferFunction1.a[2]"
      valueReference="16777236"
      description="Denominator coefficients of transfer function (e.g., 5*s+6 is specified as {5,6})"
      causality="parameter"
      variability="tunable">
      <Real start="0"/>
    </ScalarVariable>
    <!-- Index for next variable = 49 -->
    <ScalarVariable
      name="transferFunction1.initType"
      valueReference="100663319"
      description="Type of initialization (1: no init, 2: steady state, 3: initial state, 4: initial output)"
      variability="constant">
      <Enumeration
        declaredType="Modelica.Blocks.Types.Init"
        start="1"/>
    </ScalarVariable>
    <!-- Index for next variable = 50 -->
    <ScalarVariable
      name="transferFunction1.x_start[1]"
      valueReference="16777237"
      description="Initial or guess values of states"
      causality="parameter"
      variability="fixed">
      <Real start="0"/>
    </ScalarVariable>
    <!-- Index for next variable = 51 -->
    <ScalarVariable
      name="transferFunction1.y_start"
      valueReference="16777238"
      description="Initial value of output (derivatives of y are zero up to nx-1-th derivative)"
      causality="parameter"
      variability="fixed">
      <Real start="0"/>
    </ScalarVariable>
    <!-- Index for next variable = 52 -->
    <ScalarVariable
      name="transferFunction1.x[1]"
      valueReference="905969688"
      description="State of transfer function from controller canonical form">
      <Real/>
    </ScalarVariable>
    <!-- Index for next variable = 53 -->
    <ScalarVariable
      name="transferFunction1.x_scaled[1]"
      valueReference="33554433"
      description="Scaled vector x"
      initial="exact">
      <Real start="0.0"/>
    </ScalarVariable>
    <!-- Index for next variable = 54 -->
    <ScalarVariable
      name="der(transferFunction1.x_scaled[1])"
      valueReference="587202561"
      description="der(Scaled vector x)">
      <Real derivative="53"/>
    </ScalarVariable>
    <!-- Index for next variable = 55 -->
    <ScalarVariable
      name="transferFunction2.u"
      valueReference="637534208"
      description="Connector of Real input signal"
      variability="discrete">
      <Real
        declaredType="Modelica.Blocks.Interfaces.RealInput"/>
    </ScalarVariable>
    <!-- Index for next variable = 56 -->
    <ScalarVariable
      name="transferFunction2.y"
      valueReference="637534219"
      description="Connector of Real output signal">
      <Real
        declaredType="Modelica.Blocks.Interfaces.RealOutput"/>
    </ScalarVariable>
    <!-- Index for next variable = 57 -->
    <ScalarVariable
      name="transferFunction2.b[1]"
      valueReference="16777239"
      description="Numerator coefficients of transfer function (e.g., 2*s+3 is specified as {2,3})"
      causality="parameter"
      variability="tunable">
      <Real start="1"/>
    </ScalarVariable>
    <!-- Index for next variable = 58 -->
    <ScalarVariable
      name="transferFunction2.b[2]"
      valueReference="16777240"
      description="Numerator coefficients of transfer function (e.g., 2*s+3 is specified as {2,3})"
      causality="parameter"
      variability="tunable">
      <Real start="0"/>
    </ScalarVariable>
    <!-- Index for next variable = 59 -->
    <ScalarVariable
      name="transferFunction2.a[1]"
      valueReference="16777241"
      description="Denominator coefficients of transfer function (e.g., 5*s+6 is specified as {5,6})"
      causality="parameter"
      variability="tunable">
      <Real start="0.5"/>
    </ScalarVariable>
    <!-- Index for next variable = 60 -->
    <ScalarVariable
      name="transferFunction2.a[2]"
      valueReference="16777242"
      description="Denominator coefficients of transfer function (e.g., 5*s+6 is specified as {5,6})"
      causality="parameter"
      variability="tunable">
      <Real start="1.0"/>
    </ScalarVariable>
    <!-- Index for next variable = 61 -->
    <ScalarVariable
      name="transferFunction2.initType"
      valueReference="100663328"
      description="Type of initialization (1: no init, 2: steady state, 3: initial state, 4: initial output)"
      variability="constant">
      <Enumeration
        declaredType="Modelica.Blocks.Types.Init"
        start="1"/>
    </ScalarVariable>
    <!-- Index for next variable = 62 -->
    <ScalarVariable
      name="transferFunction2.x_start[1]"
      valueReference="16777243"
      description="Initial or guess values of states"
      causality="parameter"
      variability="fixed">
      <Real start="0"/>
    </ScalarVariable>
    <!-- Index for next variable = 63 -->
    <ScalarVariable
      name="transferFunction2.y_start"
      valueReference="16777244"
      description="Initial value of output (derivatives of y are zero up to nx-1-th derivative)"
      causality="parameter"
      variability="fixed">
      <Real start="0"/>
    </ScalarVariable>
    <!-- Index for next variable = 64 -->
    <ScalarVariable
      name="transferFunction2.x[1]"
      valueReference="905969697"
      description="State of transfer function from controller canonical form">
      <Real/>
    </ScalarVariable>
    <!-- Index for next variable = 65 -->
    <ScalarVariable
      name="transferFunction2.x_scaled[1]"
      valueReference="33554434"
      description="Scaled vector x"
      initial="exact">
      <Real start="0.0"/>
    </ScalarVariable>
    <!-- Index for next variable = 66 -->
    <ScalarVariable
      name="der(transferFunction2.x_scaled[1])"
      valueReference="587202562"
      description="der(Scaled vector x)">
      <Real derivative="65"/>
    </ScalarVariable>
    <!-- Index for next variable = 67 -->
    <ScalarVariable
      name="transferFunction3.u"
      valueReference="637534220"
      description="Connector of Real input signal">
      <Real
        declaredType="Modelica.Blocks.Interfaces.RealInput"/>
    </ScalarVariable>
    <!-- Index for next variable = 68 -->
    <ScalarVariable
      name="transferFunction3.y"
      valueReference="905969705"
      description="Connector of Real output signal">
      <Real
        declaredType="Modelica.Blocks.Interfaces.RealOutput"/>
    </ScalarVariable>
    <!-- Index for next variable = 69 -->
    <ScalarVariable
      name="transferFunction3.b[1]"
      valueReference="16777245"
      description="Numerator coefficients of transfer function (e.g., 2*s+3 is specified as {2,3})"
      causality="parameter"
      variability="tunable">
      <Real start="1"/>
    </ScalarVariable>
    <!-- Index for next variable = 70 -->
    <ScalarVariable
      name="transferFunction3.a[1]"
      valueReference="16777246"
      description="Denominator coefficients of transfer function (e.g., 5*s+6 is specified as {5,6})"
      causality="parameter"
      variability="tunable">
      <Real start="1"/>
    </ScalarVariable>
    <!-- Index for next variable = 71 -->
    <ScalarVariable
      name="transferFunction3.a[2]"
      valueReference="16777247"
      description="Denominator coefficients of transfer function (e.g., 5*s+6 is specified as {5,6})"
      causality="parameter"
      variability="tunable">
      <Real start="0"/>
    </ScalarVariable>
    <!-- Index for next variable = 72 -->
    <ScalarVariable
      name="transferFunction3.initType"
      valueReference="100663338"
      description="Type of initialization (1: no init, 2: steady state, 3: initial state, 4: initial output)"
      variability="constant">
      <Enumeration
        declaredType="Modelica.Blocks.Types.Init"
        start="1"/>
    </ScalarVariable>
    <!-- Index for next variable = 73 -->
    <ScalarVariable
      name="transferFunction3.x_start[1]"
      valueReference="16777248"
      description="Initial or guess values of states"
      causality="parameter"
      variability="fixed">
      <Real start="0"/>
    </ScalarVariable>
    <!-- Index for next variable = 74 -->
    <ScalarVariable
      name="transferFunction3.y_start"
      valueReference="16777249"
      description="Initial value of output (derivatives of y are zero up to nx-1-th derivative)"
      causality="parameter"
      variability="fixed">
      <Real start="0"/>
    </ScalarVariable>
    <!-- Index for next variable = 75 -->
    <ScalarVariable
      name="transferFunction3.x[1]"
      valueReference="905969707"
      description="State of transfer function from controller canonical form">
      <Real/>
    </ScalarVariable>
    <!-- Index for next variable = 76 -->
    <ScalarVariable
      name="transferFunction3.x_scaled[1]"
      valueReference="33554435"
      description="Scaled vector x"
      initial="exact">
      <Real start="0.0"/>
    </ScalarVariable>
    <!-- Index for next variable = 77 -->
    <ScalarVariable
      name="der(transferFunction3.x_scaled[1])"
      valueReference="587202563"
      description="der(Scaled vector x)">
      <Real derivative="76"/>
    </ScalarVariable>
  </ModelVariables>
  <ModelStructure>
    <Derivatives>
      <Unknown index="43"
        dependencies="42 53"
        dependenciesKind="fixed fixed"/>
      <Unknown index="54"
        dependencies="53"
        dependenciesKind="fixed"/>
      <Unknown index="66"
        dependencies="65"
        dependenciesKind="fixed"/>
      <Unknown index="77"
        dependencies="65 76"
        dependenciesKind="fixed fixed"/>
    </Derivatives>
    <InitialUnknowns>
      <Unknown index="43"
        dependencies="1 3 4 8 9 10 13 19 20 21 22 36 37 42 46 47 48 53"
        dependenciesKind="dependent dependent dependent dependent dependent dependent dependent dependent dependent dependent dependent dependent dependent dependent dependent dependent dependent dependent"/>
      <Unknown index="54"
        dependencies="1 3 4 8 9 10 13 19 20 21 22 46 47 48 53"
        dependenciesKind="dependent dependent dependent dependent dependent dependent dependent dependent dependent dependent dependent dependent dependent dependent dependent"/>
      <Unknown index="66"
        dependencies="1 3 4 59 60 65"
        dependenciesKind="dependent dependent dependent dependent dependent dependent"/>
      <Unknown index="77"
        dependencies="1 3 4 27 28 57 58 59 60 65 70 71 76"
        dependenciesKind="dependent dependent dependent dependent dependent dependent dependent dependent dependent dependent dependent dependent dependent"/>
    </InitialUnknowns>
  </ModelStructure>
</fmiModelDescription>
