<?xml version="1.0" encoding="UTF-8"?>
<fmiModelDescription
  xmlns:xsi="http://www.w3.org/2001/XMLSchema-instance"
  fmiVersion="2.0"
  modelName="myPIDreduk"
  guid="{e82615c1-5967-4d0e-8da2-e1a19856caa2}"
  version="1"
  generationTool="Dymola Version 2021x (64-bit), 2020-10-09"
  generationDateAndTime="2022-03-15T16:19:47Z"
  variableNamingConvention="structured"
  numberOfEventIndicators="0">
  <ModelExchange
    modelIdentifier="myPIDreduk"
    canGetAndSetFMUstate="true"
    canSerializeFMUstate="true"
    providesDirectionalDerivative="true">
    <SourceFiles>
      <File
        name="all.c"/>
    </SourceFiles>
  </ModelExchange>
  <CoSimulation
    modelIdentifier="myPIDreduk"
    canHandleVariableCommunicationStepSize="true"
    canInterpolateInputs="true"
    maxOutputDerivativeOrder="1"
    canGetAndSetFMUstate="true"
    canSerializeFMUstate="true"
    providesDirectionalDerivative="true">
    <SourceFiles>
      <File
        name="all.c"/>
    </SourceFiles>
  </CoSimulation>
  <UnitDefinitions>
    <Unit
      name="1"/>
    <Unit
      name="s">
      <BaseUnit s="1"/>
    </Unit>
  </UnitDefinitions>
  <TypeDefinitions>
    <SimpleType
      name="Modelica.Blocks.Interfaces.RealInput">
      <Real/>
    </SimpleType>
    <SimpleType
      name="Modelica.Blocks.Interfaces.RealOutput">
      <Real/>
    </SimpleType>
    <SimpleType
      name="Modelica.Units.SI.Time">
      <Real
        quantity="Time"
        unit="s"/>
    </SimpleType>
    <SimpleType
      name="Modelica.Blocks.Types.Init">
      <Enumeration>
        <Item name="NoInit"
          value="1"
          description="No initialization (start values are used as guess values with fixed=false)"/>
        <Item name="SteadyState"
          value="2"
          description="Steady state initialization (derivatives of states are zero)"/>
        <Item name="InitialState"
          value="3"
          description="Initialization with initial states"/>
        <Item name="InitialOutput"
          value="4"
          description="Initialization with initial outputs (and steady state of the states if possible)"/>
      </Enumeration>
    </SimpleType>
  </TypeDefinitions>
  <DefaultExperiment startTime="0.0"
    stopTime="1.0"
    tolerance="0.0001"/>
  <ModelVariables>
    <!-- Index for next variable = 1 -->
    <ScalarVariable
      name="step.height"
      valueReference="16777216"
      description="Height of step"
      causality="parameter"
      variability="tunable">
      <Real start="10"/>
    </ScalarVariable>
    <!-- Index for next variable = 2 -->
    <ScalarVariable
      name="step.y"
      valueReference="637534208"
      description="Connector of Real output signal"
      variability="discrete">
      <Real
        declaredType="Modelica.Blocks.Interfaces.RealOutput"/>
    </ScalarVariable>
    <!-- Index for next variable = 3 -->
    <ScalarVariable
      name="step.offset"
      valueReference="16777217"
      description="Offset of output signal y"
      causality="parameter"
      variability="tunable">
      <Real start="0"/>
    </ScalarVariable>
    <!-- Index for next variable = 4 -->
    <ScalarVariable
      name="step.startTime"
      valueReference="16777218"
      description="Output y = offset for time &lt; startTime"
      causality="parameter"
      variability="tunable">
      <Real
        declaredType="Modelica.Units.SI.Time"
        start="0"/>
    </ScalarVariable>
    <!-- Index for next variable = 5 -->
    <ScalarVariable
      name="sumPID.k1"
      valueReference="16777219"
      description="Gain of input signal 1"
      causality="parameter"
      variability="tunable">
      <Real start="1"/>
    </ScalarVariable>
    <!-- Index for next variable = 6 -->
    <ScalarVariable
      name="sumPID.k2"
      valueReference="16777220"
      description="Gain of input signal 2"
      causality="parameter"
      variability="tunable">
      <Real start="1"/>
    </ScalarVariable>
    <!-- Index for next variable = 7 -->
    <ScalarVariable
      name="sumPID.k3"
      valueReference="16777221"
      description="Gain of input signal 3"
      causality="parameter"
      variability="tunable">
      <Real start="1"/>
    </ScalarVariable>
    <!-- Index for next variable = 8 -->
    <ScalarVariable
      name="sumPID.u1"
      valueReference="637534209"
      description="Connector of Real input signal 1">
      <Real
        declaredType="Modelica.Blocks.Interfaces.RealInput"/>
    </ScalarVariable>
    <!-- Index for next variable = 9 -->
    <ScalarVariable
      name="sumPID.u2"
      valueReference="33554433"
      description="Connector of Real input signal 2">
      <Real
        declaredType="Modelica.Blocks.Interfaces.RealInput"/>
    </ScalarVariable>
    <!-- Index for next variable = 10 -->
    <ScalarVariable
      name="sumPID.u3"
      valueReference="637534210"
      description="Connector of Real input signal 3">
      <Real
        declaredType="Modelica.Blocks.Interfaces.RealInput"/>
    </ScalarVariable>
    <!-- Index for next variable = 11 -->
    <ScalarVariable
      name="sumPID.y"
      valueReference="637534211"
      description="Connector of Real output signal">
      <Real
        declaredType="Modelica.Blocks.Interfaces.RealOutput"/>
    </ScalarVariable>
    <!-- Index for next variable = 12 -->
    <ScalarVariable
      name="gainP.k"
      valueReference="16777222"
      description="Gain value multiplied with input signal"
      causality="parameter"
      variability="tunable">
      <Real
        unit="1"
        start="800"/>
    </ScalarVariable>
    <!-- Index for next variable = 13 -->
    <ScalarVariable
      name="gainP.u"
      valueReference="637534212"
      description="Input signal connector">
      <Real
        declaredType="Modelica.Blocks.Interfaces.RealInput"/>
    </ScalarVariable>
    <!-- Index for next variable = 14 -->
    <ScalarVariable
      name="gainP.y"
      valueReference="637534209"
      description="Output signal connector">
      <Real
        declaredType="Modelica.Blocks.Interfaces.RealOutput"/>
    </ScalarVariable>
    <!-- Index for next variable = 15 -->
    <ScalarVariable
      name="transferFunction.u"
      valueReference="637534211"
      description="Connector of Real input signal">
      <Real
        declaredType="Modelica.Blocks.Interfaces.RealInput"/>
    </ScalarVariable>
    <!-- Index for next variable = 16 -->
    <ScalarVariable
      name="transferFunction.y"
      valueReference="637534213"
      description="Connector of Real output signal">
      <Real
        declaredType="Modelica.Blocks.Interfaces.RealOutput"/>
    </ScalarVariable>
    <!-- Index for next variable = 17 -->
    <ScalarVariable
      name="transferFunction.b[1]"
      valueReference="16777223"
      description="Numerator coefficients of transfer function (e.g., 2*s+3 is specified as {2,3})"
      causality="parameter"
      variability="tunable">
      <Real start="1"/>
    </ScalarVariable>
    <!-- Index for next variable = 18 -->
    <ScalarVariable
      name="transferFunction.a[1]"
      valueReference="16777224"
      description="Denominator coefficients of transfer function (e.g., 5*s+6 is specified as {5,6})"
      causality="parameter"
      variability="tunable">
      <Real start="1000"/>
    </ScalarVariable>
    <!-- Index for next variable = 19 -->
    <ScalarVariable
      name="transferFunction.a[2]"
      valueReference="16777225"
      description="Denominator coefficients of transfer function (e.g., 5*s+6 is specified as {5,6})"
      causality="parameter"
      variability="tunable">
      <Real start="50"/>
    </ScalarVariable>
    <!-- Index for next variable = 20 -->
    <ScalarVariable
      name="transferFunction.initType"
      valueReference="100663302"
      description="Type of initialization (1: no init, 2: steady state, 3: initial state, 4: initial output)"
      variability="constant">
      <Enumeration
        declaredType="Modelica.Blocks.Types.Init"
        start="3"/>
    </ScalarVariable>
    <!-- Index for next variable = 21 -->
    <ScalarVariable
      name="transferFunction.x_start[1]"
      valueReference="16777226"
      description="Initial or guess values of states"
      causality="parameter"
      variability="fixed">
      <Real start="0"/>
    </ScalarVariable>
    <!-- Index for next variable = 22 -->
    <ScalarVariable
      name="transferFunction.y_start"
      valueReference="16777227"
      description="Initial value of output (derivatives of y are zero up to nx-1-th derivative)"
      causality="parameter"
      variability="fixed">
      <Real start="0"/>
    </ScalarVariable>
    <!-- Index for next variable = 23 -->
    <ScalarVariable
      name="transferFunction.x[1]"
      valueReference="905969671"
      description="State of transfer function from controller canonical form">
      <Real/>
    </ScalarVariable>
    <!-- Index for next variable = 24 -->
    <ScalarVariable
      name="transferFunction.x_scaled[1]"
      valueReference="33554432"
      description="Scaled vector x">
      <Real/>
    </ScalarVariable>
    <!-- Index for next variable = 25 -->
    <ScalarVariable
      name="der(transferFunction.x_scaled[1])"
      valueReference="587202560"
      description="der(Scaled vector x)">
      <Real derivative="24"/>
    </ScalarVariable>
    <!-- Index for next variable = 26 -->
    <ScalarVariable
      name="integrator.k"
      valueReference="16777228"
      description="Integrator gain"
      causality="parameter"
      variability="tunable">
      <Real
        unit="1"
        start="40"/>
    </ScalarVariable>
    <!-- Index for next variable = 27 -->
    <ScalarVariable
      name="integrator.initType"
      valueReference="100663313"
      description="Type of initialization (1: no init, 2: steady state, 3,4: initial output)"
      variability="constant">
      <Enumeration
        declaredType="Modelica.Blocks.Types.Init"
        start="3"/>
    </ScalarVariable>
    <!-- Index for next variable = 28 -->
    <ScalarVariable
      name="integrator.y_start"
      valueReference="16777229"
      description="Initial or guess value of output (= state)"
      causality="parameter"
      variability="fixed">
      <Real start="0"/>
    </ScalarVariable>
    <!-- Index for next variable = 29 -->
    <ScalarVariable
      name="integrator.u"
      valueReference="637534212"
      description="Connector of Real input signal">
      <Real
        declaredType="Modelica.Blocks.Interfaces.RealInput"/>
    </ScalarVariable>
    <!-- Index for next variable = 30 -->
    <ScalarVariable
      name="integrator.y"
      valueReference="33554433"
      description="Connector of Real output signal">
      <Real
        declaredType="Modelica.Blocks.Interfaces.RealOutput"/>
    </ScalarVariable>
    <!-- Index for next variable = 31 -->
    <ScalarVariable
      name="der(integrator.y)"
      valueReference="587202561"
      description="der(Connector of Real output signal)">
      <Real derivative="30"/>
    </ScalarVariable>
    <!-- Index for next variable = 32 -->
    <ScalarVariable
      name="sum.u1"
      valueReference="637534208"
      description="Connector of Real input signal 1"
      variability="discrete">
      <Real
        declaredType="Modelica.Blocks.Interfaces.RealInput"/>
    </ScalarVariable>
    <!-- Index for next variable = 33 -->
    <ScalarVariable
      name="sum.u2"
      valueReference="637534213"
      description="Connector of Real input signal 2">
      <Real
        declaredType="Modelica.Blocks.Interfaces.RealInput"/>
    </ScalarVariable>
    <!-- Index for next variable = 34 -->
    <ScalarVariable
      name="sum.y"
      valueReference="637534212"
      description="Connector of Real output signal">
      <Real
        declaredType="Modelica.Blocks.Interfaces.RealOutput"/>
    </ScalarVariable>
    <!-- Index for next variable = 35 -->
    <ScalarVariable
      name="sum.k1"
      valueReference="16777230"
      description="Gain of input signal 1"
      causality="parameter"
      variability="tunable">
      <Real start="1"/>
    </ScalarVariable>
    <!-- Index for next variable = 36 -->
    <ScalarVariable
      name="sum.k2"
      valueReference="16777231"
      description="Gain of input signal 2"
      causality="parameter"
      variability="tunable">
      <Real start="-1"/>
    </ScalarVariable>
    <!-- Index for next variable = 37 -->
    <ScalarVariable
      name="derivative.k"
      valueReference="16777232"
      description="Gains"
      causality="parameter"
      variability="tunable">
      <Real
        unit="1"
        start="0.1"/>
    </ScalarVariable>
    <!-- Index for next variable = 38 -->
    <ScalarVariable
      name="derivative.T"
      valueReference="16777233"
      description="Time constants (T&gt;0 required; T=0 is ideal derivative block)"
      causality="parameter"
      variability="tunable">
      <Real
        declaredType="Modelica.Units.SI.Time"
        min="1E-60"
        start="0.01"/>
    </ScalarVariable>
    <!-- Index for next variable = 39 -->
    <ScalarVariable
      name="derivative.initType"
      valueReference="100663316"
      description="Type of initialization (1: no init, 2: steady state, 3: initial state, 4: initial output)"
      variability="constant">
      <Enumeration
        declaredType="Modelica.Blocks.Types.Init"
        start="1"/>
    </ScalarVariable>
    <!-- Index for next variable = 40 -->
    <ScalarVariable
      name="derivative.x_start"
      valueReference="16777234"
      description="Initial or guess value of state"
      causality="parameter"
      variability="fixed">
      <Real start="0"/>
    </ScalarVariable>
    <!-- Index for next variable = 41 -->
    <ScalarVariable
      name="derivative.y_start"
      valueReference="16777235"
      description="Initial value of output (= state)"
      causality="parameter"
      variability="fixed">
      <Real start="0"/>
    </ScalarVariable>
    <!-- Index for next variable = 42 -->
    <ScalarVariable
      name="derivative.u"
      valueReference="637534212"
      description="Connector of Real input signal">
      <Real
        declaredType="Modelica.Blocks.Interfaces.RealInput"/>
    </ScalarVariable>
    <!-- Index for next variable = 43 -->
    <ScalarVariable
      name="derivative.y"
      valueReference="637534210"
      description="Connector of Real output signal">
      <Real
        declaredType="Modelica.Blocks.Interfaces.RealOutput"/>
    </ScalarVariable>
    <!-- Index for next variable = 44 -->
    <ScalarVariable
      name="derivative.x"
      valueReference="33554434"
      description="State of block">
      <Real/>
    </ScalarVariable>
    <!-- Index for next variable = 45 -->
    <ScalarVariable
      name="der(derivative.x)"
      valueReference="587202562"
      description="der(State of block)">
      <Real derivative="44"/>
    </ScalarVariable>
  </ModelVariables>
  <ModelStructure>
    <Derivatives>
      <Unknown index="25"
        dependencies="24 30 44"
        dependenciesKind="fixed fixed fixed"/>
      <Unknown index="31"
        dependencies="24"
        dependenciesKind="fixed"/>
      <Unknown index="45"
        dependencies="24 44"
        dependenciesKind="fixed fixed"/>
    </Derivatives>
    <InitialUnknowns>
      <Unknown index="24"
        dependencies="18 19 21"
        dependenciesKind="dependent dependent dependent"/>
      <Unknown index="25"
        dependencies="1 3 4 5 6 7 12 17 18 19 21 28 35 36 37 38 40"
        dependenciesKind="dependent dependent dependent dependent dependent dependent dependent dependent dependent dependent dependent dependent dependent dependent dependent dependent dependent"/>
      <Unknown index="30"
        dependencies="28"
        dependenciesKind="dependent"/>
      <Unknown index="31"
        dependencies="1 3 4 17 18 19 21 26 35 36"
        dependenciesKind="dependent dependent dependent dependent dependent dependent dependent dependent dependent dependent"/>
      <Unknown index="44"
        dependencies="40"
        dependenciesKind="dependent"/>
      <Unknown index="45"
        dependencies="1 3 4 17 18 19 21 35 36 37 38 40"
        dependenciesKind="dependent dependent dependent dependent dependent dependent dependent dependent dependent dependent dependent dependent"/>
    </InitialUnknowns>
  </ModelStructure>
</fmiModelDescription>
