<?xml version="1.0" encoding="UTF-8"?>
<fmiModelDescription
  xmlns:xsi="http://www.w3.org/2001/XMLSchema-instance"
  fmiVersion="2.0"
  modelName="myPIDredukCruise"
  guid="{fece1c71-d74e-49ac-9da4-ec4be03275a8}"
  version="1"
  generationTool="Dymola Version 2021x (64-bit), 2020-10-09"
  generationDateAndTime="2022-03-15T16:21:14Z"
  variableNamingConvention="structured"
  numberOfEventIndicators="0">
  <ModelExchange
    modelIdentifier="myPIDredukCruise"
    canGetAndSetFMUstate="true"
    canSerializeFMUstate="true"
    providesDirectionalDerivative="true">
    <SourceFiles>
      <File
        name="all.c"/>
    </SourceFiles>
  </ModelExchange>
  <CoSimulation
    modelIdentifier="myPIDredukCruise"
    canHandleVariableCommunicationStepSize="true"
    canInterpolateInputs="true"
    maxOutputDerivativeOrder="1"
    canGetAndSetFMUstate="true"
    canSerializeFMUstate="true"
    providesDirectionalDerivative="true">
    <SourceFiles>
      <File
        name="all.c"/>
    </SourceFiles>
  </CoSimulation>
  <UnitDefinitions>
    <Unit
      name="1"/>
    <Unit
      name="s">
      <BaseUnit s="1"/>
    </Unit>
  </UnitDefinitions>
  <TypeDefinitions>
    <SimpleType
      name="Modelica.Blocks.Interfaces.RealInput">
      <Real/>
    </SimpleType>
    <SimpleType
      name="Modelica.Blocks.Interfaces.RealOutput">
      <Real/>
    </SimpleType>
    <SimpleType
      name="Modelica.Units.SI.Time">
      <Real
        quantity="Time"
        unit="s"/>
    </SimpleType>
    <SimpleType
      name="Modelica.Blocks.Types.Init">
      <Enumeration>
        <Item name="NoInit"
          value="1"
          description="No initialization (start values are used as guess values with fixed=false)"/>
        <Item name="SteadyState"
          value="2"
          description="Steady state initialization (derivatives of states are zero)"/>
        <Item name="InitialState"
          value="3"
          description="Initialization with initial states"/>
        <Item name="InitialOutput"
          value="4"
          description="Initialization with initial outputs (and steady state of the states if possible)"/>
      </Enumeration>
    </SimpleType>
  </TypeDefinitions>
  <DefaultExperiment startTime="0.0"
    stopTime="1.0"
    tolerance="0.0001"/>
  <ModelVariables>
    <!-- Index for next variable = 1 -->
    <ScalarVariable
      name="step.height"
      valueReference="16777216"
      description="Height of step"
      causality="parameter"
      variability="tunable">
      <Real start="10"/>
    </ScalarVariable>
    <!-- Index for next variable = 2 -->
    <ScalarVariable
      name="step.y"
      valueReference="637534208"
      description="Connector of Real output signal"
      variability="discrete">
      <Real
        declaredType="Modelica.Blocks.Interfaces.RealOutput"/>
    </ScalarVariable>
    <!-- Index for next variable = 3 -->
    <ScalarVariable
      name="step.offset"
      valueReference="16777217"
      description="Offset of output signal y"
      causality="parameter"
      variability="tunable">
      <Real start="0"/>
    </ScalarVariable>
    <!-- Index for next variable = 4 -->
    <ScalarVariable
      name="step.startTime"
      valueReference="16777218"
      description="Output y = offset for time &lt; startTime"
      causality="parameter"
      variability="tunable">
      <Real
        declaredType="Modelica.Units.SI.Time"
        start="0"/>
    </ScalarVariable>
    <!-- Index for next variable = 5 -->
    <ScalarVariable
      name="transferFunction.u"
      valueReference="637534209"
      description="Connector of Real input signal">
      <Real
        declaredType="Modelica.Blocks.Interfaces.RealInput"/>
    </ScalarVariable>
    <!-- Index for next variable = 6 -->
    <ScalarVariable
      name="transferFunction.y"
      valueReference="637534210"
      description="Connector of Real output signal">
      <Real
        declaredType="Modelica.Blocks.Interfaces.RealOutput"/>
    </ScalarVariable>
    <!-- Index for next variable = 7 -->
    <ScalarVariable
      name="transferFunction.b[1]"
      valueReference="16777219"
      description="Numerator coefficients of transfer function (e.g., 2*s+3 is specified as {2,3})"
      causality="parameter"
      variability="tunable">
      <Real start="1"/>
    </ScalarVariable>
    <!-- Index for next variable = 8 -->
    <ScalarVariable
      name="transferFunction.a[1]"
      valueReference="16777220"
      description="Denominator coefficients of transfer function (e.g., 5*s+6 is specified as {5,6})"
      causality="parameter"
      variability="tunable">
      <Real start="1000"/>
    </ScalarVariable>
    <!-- Index for next variable = 9 -->
    <ScalarVariable
      name="transferFunction.a[2]"
      valueReference="16777221"
      description="Denominator coefficients of transfer function (e.g., 5*s+6 is specified as {5,6})"
      causality="parameter"
      variability="tunable">
      <Real start="50"/>
    </ScalarVariable>
    <!-- Index for next variable = 10 -->
    <ScalarVariable
      name="transferFunction.initType"
      valueReference="100663299"
      description="Type of initialization (1: no init, 2: steady state, 3: initial state, 4: initial output)"
      variability="constant">
      <Enumeration
        declaredType="Modelica.Blocks.Types.Init"
        start="3"/>
    </ScalarVariable>
    <!-- Index for next variable = 11 -->
    <ScalarVariable
      name="transferFunction.x_start[1]"
      valueReference="16777222"
      description="Initial or guess values of states"
      causality="parameter"
      variability="fixed">
      <Real start="0"/>
    </ScalarVariable>
    <!-- Index for next variable = 12 -->
    <ScalarVariable
      name="transferFunction.y_start"
      valueReference="16777223"
      description="Initial value of output (derivatives of y are zero up to nx-1-th derivative)"
      causality="parameter"
      variability="fixed">
      <Real start="0"/>
    </ScalarVariable>
    <!-- Index for next variable = 13 -->
    <ScalarVariable
      name="transferFunction.x[1]"
      valueReference="905969668"
      description="State of transfer function from controller canonical form">
      <Real/>
    </ScalarVariable>
    <!-- Index for next variable = 14 -->
    <ScalarVariable
      name="transferFunction.x_scaled[1]"
      valueReference="33554432"
      description="Scaled vector x">
      <Real/>
    </ScalarVariable>
    <!-- Index for next variable = 15 -->
    <ScalarVariable
      name="der(transferFunction.x_scaled[1])"
      valueReference="587202560"
      description="der(Scaled vector x)">
      <Real derivative="14"/>
    </ScalarVariable>
    <!-- Index for next variable = 16 -->
    <ScalarVariable
      name="sum.u1"
      valueReference="637534208"
      description="Connector of Real input signal 1"
      variability="discrete">
      <Real
        declaredType="Modelica.Blocks.Interfaces.RealInput"/>
    </ScalarVariable>
    <!-- Index for next variable = 17 -->
    <ScalarVariable
      name="sum.u2"
      valueReference="637534210"
      description="Connector of Real input signal 2">
      <Real
        declaredType="Modelica.Blocks.Interfaces.RealInput"/>
    </ScalarVariable>
    <!-- Index for next variable = 18 -->
    <ScalarVariable
      name="sum.y"
      valueReference="637534220"
      description="Connector of Real output signal">
      <Real
        declaredType="Modelica.Blocks.Interfaces.RealOutput"/>
    </ScalarVariable>
    <!-- Index for next variable = 19 -->
    <ScalarVariable
      name="sum.k1"
      valueReference="16777224"
      description="Gain of input signal 1"
      causality="parameter"
      variability="tunable">
      <Real start="1"/>
    </ScalarVariable>
    <!-- Index for next variable = 20 -->
    <ScalarVariable
      name="sum.k2"
      valueReference="16777225"
      description="Gain of input signal 2"
      causality="parameter"
      variability="tunable">
      <Real start="-1"/>
    </ScalarVariable>
    <!-- Index for next variable = 21 -->
    <ScalarVariable
      name="pid.u"
      valueReference="637534220"
      description="Connector of Real input signal">
      <Real
        declaredType="Modelica.Blocks.Interfaces.RealInput"/>
    </ScalarVariable>
    <!-- Index for next variable = 22 -->
    <ScalarVariable
      name="pid.y"
      valueReference="637534209"
      description="Connector of Real output signal">
      <Real
        declaredType="Modelica.Blocks.Interfaces.RealOutput"/>
    </ScalarVariable>
    <!-- Index for next variable = 23 -->
    <ScalarVariable
      name="pid.k"
      valueReference="16777226"
      description="Gain"
      causality="parameter"
      variability="tunable">
      <Real
        unit="1"
        start="800"/>
    </ScalarVariable>
    <!-- Index for next variable = 24 -->
    <ScalarVariable
      name="pid.Ti"
      valueReference="16777227"
      description="Time Constant of Integrator"
      causality="parameter"
      variability="tunable">
      <Real
        declaredType="Modelica.Units.SI.Time"
        min="1E-60"
        start="0.025"/>
    </ScalarVariable>
    <!-- Index for next variable = 25 -->
    <ScalarVariable
      name="pid.Td"
      valueReference="16777228"
      description="Time Constant of Derivative block"
      causality="parameter"
      variability="tunable">
      <Real
        declaredType="Modelica.Units.SI.Time"
        min="0.0"
        start="0"/>
    </ScalarVariable>
    <!-- Index for next variable = 26 -->
    <ScalarVariable
      name="pid.Nd"
      valueReference="16777229"
      description="The higher Nd, the more ideal the derivative block"
      causality="parameter"
      variability="tunable">
      <Real min="1E-60"
        start="10"/>
    </ScalarVariable>
    <!-- Index for next variable = 27 -->
    <ScalarVariable
      name="pid.initType"
      valueReference="100663309"
      description="Type of initialization (1: no init, 2: steady state, 3: initial state, 4: initial output)"
      variability="constant">
      <Enumeration
        declaredType="Modelica.Blocks.Types.Init"
        start="3"/>
    </ScalarVariable>
    <!-- Index for next variable = 28 -->
    <ScalarVariable
      name="pid.xi_start"
      valueReference="16777230"
      description="Initial or guess value for integrator output (= integrator state)"
      causality="parameter"
      variability="fixed">
      <Real start="0"/>
    </ScalarVariable>
    <!-- Index for next variable = 29 -->
    <ScalarVariable
      name="pid.xd_start"
      valueReference="16777231"
      description="Initial or guess value for state of derivative block"
      causality="parameter"
      variability="fixed">
      <Real start="0"/>
    </ScalarVariable>
    <!-- Index for next variable = 30 -->
    <ScalarVariable
      name="pid.y_start"
      valueReference="16777232"
      description="Initial value of output"
      causality="parameter"
      variability="fixed">
      <Real start="0"/>
    </ScalarVariable>
    <!-- Index for next variable = 31 -->
    <ScalarVariable
      name="pid.P.k"
      valueReference="16777233"
      description="Gain value multiplied with input signal"
      causality="parameter"
      variability="tunable">
      <Real
        unit="1"
        start="1"/>
    </ScalarVariable>
    <!-- Index for next variable = 32 -->
    <ScalarVariable
      name="pid.P.u"
      valueReference="637534220"
      description="Input signal connector">
      <Real
        declaredType="Modelica.Blocks.Interfaces.RealInput"/>
    </ScalarVariable>
    <!-- Index for next variable = 33 -->
    <ScalarVariable
      name="pid.P.y"
      valueReference="637534223"
      description="Output signal connector">
      <Real
        declaredType="Modelica.Blocks.Interfaces.RealOutput"/>
    </ScalarVariable>
    <!-- Index for next variable = 34 -->
    <ScalarVariable
      name="pid.I.k"
      valueReference="100663312"
      description="Integrator gain"
      variability="tunable">
      <Real
        unit="1"/>
    </ScalarVariable>
    <!-- Index for next variable = 35 -->
    <ScalarVariable
      name="pid.I.initType"
      valueReference="100663315"
      description="Type of initialization (1: no init, 2: steady state, 3,4: initial output)"
      variability="constant">
      <Enumeration
        declaredType="Modelica.Blocks.Types.Init"
        start="3"/>
    </ScalarVariable>
    <!-- Index for next variable = 36 -->
    <ScalarVariable
      name="pid.I.y_start"
      valueReference="100663316"
      description="Initial or guess value of output (= state)"
      variability="fixed">
      <Real/>
    </ScalarVariable>
    <!-- Index for next variable = 37 -->
    <ScalarVariable
      name="pid.I.u"
      valueReference="637534220"
      description="Connector of Real input signal">
      <Real
        declaredType="Modelica.Blocks.Interfaces.RealInput"/>
    </ScalarVariable>
    <!-- Index for next variable = 38 -->
    <ScalarVariable
      name="pid.I.y"
      valueReference="33554433"
      description="Connector of Real output signal">
      <Real
        declaredType="Modelica.Blocks.Interfaces.RealOutput"/>
    </ScalarVariable>
    <!-- Index for next variable = 39 -->
    <ScalarVariable
      name="der(pid.I.y)"
      valueReference="587202561"
      description="der(Connector of Real output signal)">
      <Real derivative="38"/>
    </ScalarVariable>
    <!-- Index for next variable = 40 -->
    <ScalarVariable
      name="pid.D.k"
      valueReference="100663319"
      description="Gains"
      variability="tunable">
      <Real
        unit="1"/>
    </ScalarVariable>
    <!-- Index for next variable = 41 -->
    <ScalarVariable
      name="pid.D.T"
      valueReference="100663320"
      description="Time constants (T&gt;0 required; T=0 is ideal derivative block)"
      variability="tunable">
      <Real
        declaredType="Modelica.Units.SI.Time"
        min="1E-60"/>
    </ScalarVariable>
    <!-- Index for next variable = 42 -->
    <ScalarVariable
      name="pid.D.initType"
      valueReference="100663321"
      description="Type of initialization (1: no init, 2: steady state, 3: initial state, 4: initial output)"
      variability="constant">
      <Enumeration
        declaredType="Modelica.Blocks.Types.Init"
        start="3"/>
    </ScalarVariable>
    <!-- Index for next variable = 43 -->
    <ScalarVariable
      name="pid.D.x_start"
      valueReference="100663322"
      description="Initial or guess value of state"
      variability="fixed">
      <Real/>
    </ScalarVariable>
    <!-- Index for next variable = 44 -->
    <ScalarVariable
      name="pid.D.y_start"
      valueReference="16777234"
      description="Initial value of output (= state)"
      causality="parameter"
      variability="fixed">
      <Real start="0"/>
    </ScalarVariable>
    <!-- Index for next variable = 45 -->
    <ScalarVariable
      name="pid.D.u"
      valueReference="637534220"
      description="Connector of Real input signal">
      <Real
        declaredType="Modelica.Blocks.Interfaces.RealInput"/>
    </ScalarVariable>
    <!-- Index for next variable = 46 -->
    <ScalarVariable
      name="pid.D.y"
      valueReference="637534235"
      description="Connector of Real output signal">
      <Real
        declaredType="Modelica.Blocks.Interfaces.RealOutput"/>
    </ScalarVariable>
    <!-- Index for next variable = 47 -->
    <ScalarVariable
      name="pid.D.x"
      valueReference="33554434"
      description="State of block">
      <Real/>
    </ScalarVariable>
    <!-- Index for next variable = 48 -->
    <ScalarVariable
      name="der(pid.D.x)"
      valueReference="587202562"
      description="der(State of block)">
      <Real derivative="47"/>
    </ScalarVariable>
    <!-- Index for next variable = 49 -->
    <ScalarVariable
      name="pid.Gain.k"
      valueReference="100663325"
      description="Gain value multiplied with input signal"
      variability="tunable">
      <Real
        unit="1"/>
    </ScalarVariable>
    <!-- Index for next variable = 50 -->
    <ScalarVariable
      name="pid.Gain.u"
      valueReference="637534238"
      description="Input signal connector">
      <Real
        declaredType="Modelica.Blocks.Interfaces.RealInput"/>
    </ScalarVariable>
    <!-- Index for next variable = 51 -->
    <ScalarVariable
      name="pid.Gain.y"
      valueReference="637534209"
      description="Output signal connector">
      <Real
        declaredType="Modelica.Blocks.Interfaces.RealOutput"/>
    </ScalarVariable>
    <!-- Index for next variable = 52 -->
    <ScalarVariable
      name="pid.Add.k1"
      valueReference="16777235"
      description="Gain of input signal 1"
      causality="parameter"
      variability="tunable">
      <Real start="1"/>
    </ScalarVariable>
    <!-- Index for next variable = 53 -->
    <ScalarVariable
      name="pid.Add.k2"
      valueReference="16777236"
      description="Gain of input signal 2"
      causality="parameter"
      variability="tunable">
      <Real start="1"/>
    </ScalarVariable>
    <!-- Index for next variable = 54 -->
    <ScalarVariable
      name="pid.Add.k3"
      valueReference="16777237"
      description="Gain of input signal 3"
      causality="parameter"
      variability="tunable">
      <Real start="1"/>
    </ScalarVariable>
    <!-- Index for next variable = 55 -->
    <ScalarVariable
      name="pid.Add.u1"
      valueReference="637534223"
      description="Connector of Real input signal 1">
      <Real
        declaredType="Modelica.Blocks.Interfaces.RealInput"/>
    </ScalarVariable>
    <!-- Index for next variable = 56 -->
    <ScalarVariable
      name="pid.Add.u2"
      valueReference="33554433"
      description="Connector of Real input signal 2">
      <Real
        declaredType="Modelica.Blocks.Interfaces.RealInput"/>
    </ScalarVariable>
    <!-- Index for next variable = 57 -->
    <ScalarVariable
      name="pid.Add.u3"
      valueReference="637534235"
      description="Connector of Real input signal 3">
      <Real
        declaredType="Modelica.Blocks.Interfaces.RealInput"/>
    </ScalarVariable>
    <!-- Index for next variable = 58 -->
    <ScalarVariable
      name="pid.Add.y"
      valueReference="637534238"
      description="Connector of Real output signal">
      <Real
        declaredType="Modelica.Blocks.Interfaces.RealOutput"/>
    </ScalarVariable>
  </ModelVariables>
  <ModelStructure>
    <Derivatives>
      <Unknown index="15"
        dependencies="14 38 47"
        dependenciesKind="fixed fixed fixed"/>
      <Unknown index="39"
        dependencies="14"
        dependenciesKind="fixed"/>
      <Unknown index="48"
        dependencies="14 47"
        dependenciesKind="fixed fixed"/>
    </Derivatives>
    <InitialUnknowns>
      <Unknown index="14"
        dependencies="8 9 11"
        dependenciesKind="dependent dependent dependent"/>
      <Unknown index="15"
        dependencies="1 3 4 7 8 9 11 19 20 23 25 26 28 29 31 52 53 54"
        dependenciesKind="dependent dependent dependent dependent dependent dependent dependent dependent dependent dependent dependent dependent dependent dependent dependent dependent dependent dependent"/>
      <Unknown index="38"
        dependencies="28"
        dependenciesKind="dependent"/>
      <Unknown index="39"
        dependencies="1 3 4 7 8 9 11 19 20 24"
        dependenciesKind="dependent dependent dependent dependent dependent dependent dependent dependent dependent dependent"/>
      <Unknown index="47"
        dependencies="29"
        dependenciesKind="dependent"/>
      <Unknown index="48"
        dependencies="1 3 4 7 8 9 11 19 20 25 26 29"
        dependenciesKind="dependent dependent dependent dependent dependent dependent dependent dependent dependent dependent dependent dependent"/>
    </InitialUnknowns>
  </ModelStructure>
</fmiModelDescription>
